Brand,Model,Display Name/Nick Name,Dial Type,Case size,Material,Reference,Description name,bracelet,image
Rolex,Datejust,ROLEX DATEJUST 41MM BLACK DIAL,Bright Black Dial,41MM,OYSTERSTEEL AND WHITE GOLD,126334,ROLEX DATEJUST 41MM WITH WHITE GOLD BEZEL BRIGHT BLACK DIAL AND JUBILEE BRACELET,Jubilee,https://www.rolex.com/watches/datejust/m126334-0018
Rolex,Datejust,ROLEX DATEJUST 41MM SLATE DIAL,SLATE DIAL,41MM,OYSTERSTEEL AND WHITE GOLD,126334,ROLEX DATEJUST 41MM WITH WHITE GOLD BEZEL SLATE DIAL AND JUBILEE BRACELET,Jubilee,https://www.rolex.com/watches/datejust/m126334-0014
Rolex,Datejust,ROLEX DATEJUST 41MM WIMBELDON DIAL,Wimbeldon Dial,41MM,OYSTERSTEEL AND WHITE GOLD,126334,ROLEX DATEJUST 41MM WITH WHITE GOLD BEZEL WIMBELDON DIAL AND JUBILEE BRACELET,Jubilee,https://www.rolex.com/watches/datejust/m126334-0022
Rolex,Datejust,ROLEX DATEJUST 41MM BRIGHT BLUE DIAL,BRIGHT BLUE,41MM,OYSTERSTEEL AND WHITE GOLD,126334,ROLEX DATEJUST 41MM WITH WHITE GOLD BEZEL BRIGHT BLUE DIAL AND JUBILEE BRACELET,Jubilee,https://www.rolex.com/watches/datejust/m126334-0002
Rolex,Datejust,ROLEX DATEJUST 41MM BLUE MOTIF DIAL,BLUE MOTIF,41MM,OYSTERSTEEL AND WHITE GOLD,126334,ROLEX DATEJUST 41MM WITH WHITE GOLD BEZEL BLUE MOTIF DIAL AND JUBILEE BRACELET,Jubilee,https://www.rolex.com/watches/datejust/m126334-0032
Rolex,Datejust,ROLEX DATEJUST 41MM AZZURRO DIAL,AZZURRO DIAL,41MM,OYSTERSTEEL AND WHITE GOLD,126334,ROLEX DATEJUST 41MM WITH WHITE GOLD BEZEL AZZURRO DIAL AND JUBILEE BRACELET,Jubilee,https://www.rolex.com/watches/datejust/m126334-0026
Rolex,Datejust,ROLEX DATEJUST 41MM GREEN DIAL,GREEN DIAL,41MM,OYSTERSTEEL AND WHITE GOLD,126334,ROLEX DATEJUST 41MM WITH WHITE GOLD BEZEL GREEN DIAL AND JUBILEE BRACELET,Jubilee,https://www.rolex.com/watches/datejust/m126334-0028
Rolex,Datejust,ROLEX DATEJUST 41MM GREEN MOTIF DIAL,GREEN MOTIF,41MM,OYSTERSTEEL AND WHITE GOLD,126334,ROLEX DATEJUST 41MM WITH WHITE GOLD BEZEL GREEN MOTIF DIAL AND JUBILEE BRACELET,Jubilee,https://www.rolex.com/watches/datejust/m126334-0030
Rolex,Datejust,ROLEX DATEJUST 41MM SILVER DIAL,SILVER DIAL,41MM,OYSTERSTEEL AND WHITE GOLD,126334,ROLEX DATEJUST 41MM WITH WHITE GOLD BEZEL SILVER DIAL AND JUBILEE BRACELET,Jubilee,https://www.rolex.com/watches/datejust/m126334-0004
Rolex,Datejust,ROLEX DATEJUST 41MM WHITE DIAL,WHITE DIAL,41MM,OYSTERSTEEL AND WHITE GOLD,126334,ROLEX DATEJUST 41MM WITH WHITE GOLD BEZEL WHITE DIAL AND JUBILEE BRACELET,Jubilee,https://www.rolex.com/watches/datejust/m126334-0010
Rolex,Datejust,ROLEX DATEJUST 41MM WHITE ROMAN DIAL,WHITE ROMAN,41MM,OYSTERSTEEL AND WHITE GOLD,126334,ROLEX DATEJUST 41MM WITH WHITE GOLD BEZEL WHITE ROMAN DIAL AND JUBILEE BRACELET,Jubilee,https://www.rolex.com/watches/datejust/m126334-0024
Rolex,Datejust,ROLEX DATEJUST 41MM BLACK DIAMOND DIAL,BLACK DIAMOND,41MM,OYSTERSTEEL AND WHITE GOLD,126334,ROLEX DATEJUST 41MM WITH WHITE GOLD BEZEL BLACK DIAMOND DIAL AND JUBILEE BRACELET,Jubilee,https://www.rolex.com/watches/datejust/m126334-0012
Rolex,Datejust,ROLEX DATEJUST 41MM SLATE DIAMOND DIAL,SLATE DIAMOND,41MM,OYSTERSTEEL AND WHITE GOLD,126334,ROLEX DATEJUST 41MM WITH WHITE GOLD BEZEL SLATE DIAMOND DIAL AND JUBILEE BRACELET,Jubilee,https://www.rolex.com/watches/datejust/m126334-0006
Rolex,Datejust,ROLEX DATEJUST 41MM BLUE DIAMOND DIAL,BLUE DIAMOND,41MM,OYSTERSTEEL AND WHITE GOLD,126334,ROLEX DATEJUST 41MM WITH WHITE GOLD BEZEL BLUE DIAMOND DIAL AND JUBILEE BRACELET,Jubilee,https://www.rolex.com/watches/datejust/m126334-0016
Rolex,Submariner,ROLEX SUBMARINER 41MM BLACK NO DATE,BLACK DIAL,41MM,OYSTERSTEEL,124060,ROLEX SUBMARINER 41MM OYSTERSTEEL NO DATE BLACK DIAL CERAMIC BEZEL,OYSTER,https://www.rolex.com/watches/submariner/m124060-0001
Rolex,Submariner,ROLEX SUBMARINER 41MM BLACK DATE,BLACK DIAL,41MM,OYSTERSTEEL,126610LN,ROLEX SUBMARINER 41MM OYSTERSTEEL WITH DATE BLACK DIAL CERAMIC BEZEL,OYSTER,https://www.rolex.com/watches/submariner/m126610ln-0001
Rolex,Submariner,ROLEX SUBMARINER 41MM STARBUCKS,BLACK DIAL,41MM,OYSTERSTEEL,126610LV,ROLEX SUBMARINER 41MM OYSTERSTEEL WITH DATE BLACK DIAL GREEN CERAMIC BEZEL,OYSTER,https://www.rolex.com/watches/submariner/m126610lv-0002
Rolex,Submariner,ROLEX SUBAMRINER 41MM YG BLACK DIAL,BLACK DIAL,41MM,OYSTERSTEEL AND YELLOW GOLD,126613LN,ROLEX SUBMARINER 41MM OYSTERSTEEL AND YELLOW GOLD WITH BLACK DIAL BLACK CERAMIC BEZEL,OYSTER,https://www.rolex.com/watches/submariner/m126613ln-0002
Rolex,Submariner,ROLEX SUBMARINER 41MM BLUEZY,BLUE DIAL,41MM,OYSTERSTEEL AND YELLOW GOLD,126613LB,ROLEX SUBMARINER 41MM OYSTERSTEEL AND YELLOW GOLD WITH BLUE DIAL BLUE CERAMIC BEZEL,OYSTER,https://www.rolex.com/watches/submariner/m126613lb-0002
Rolex,Submariner,ROLEX SUBMARINER FULL YG BLACK DIAL,BLACK DIAL,41MM,YELLOW GOLD,126618LN,ROLEX SUBMARINER 41MM FULL YELLOW GOLD WITH BLACK DIAL AND BLACK CERAMIC BEZEL,OYSTER,https://www.rolex.com/watches/submariner/m126618ln-0002
Rolex,Submariner,ROLEX SUBMARINER FULL YG BLUE DIAL,BLUE DIAL,41MM,YELLOW GOLD,126618LB,ROLEX SUBMARINER 41MM FULL YELLOW GOLD WITH BLUE DIAL AND BLUE CERAMIC BEZEL,OYSTER,https://www.rolex.com/watches/submariner/m126618lb-0002
Rolex,Submariner,ROLEX SUBMARINER FULL WHITE GOLD,BLACK DIAL,41MM,WHITE GOLD,126619LB,ROLEX SUBMARINER 41MM FULL WHITE GOLD WITH BLACK DIAL AND BLUE CERAMIC BEZEL,OYSTER,https://www.rolex.com/watches/submariner/m126619lb-0003
Rolex,Gmt-Master II,ROLEX GMT-MASTER II PEPSI JUBILEE,BLACK DIAL,40MM,OYSTERSTEEL,126710BLRO,ROLEX GMT-MASTER II 40MM OYSTERSTEEL BLACK DIAL WITH RED AND BLUE CERAMIC BEZEL JUBILEE BRACELET,Jubilee,https://www.rolex.com/watches/gmt-master-ii/m126710blro-0001
Rolex,Gmt-Master II,ROLEX GMT-MASTER II PEPSI OYSTER,BLACK DIAL,40MM,OYSTERSTEEL,126710BLRO,ROLEX GMT-MASTER II 40MM OYSTERSTEEL BLACK DIAL WITH RED AND BLUE CERAMIC BEZEL OYSTER BRACELET,OYSTER,https://www.rolex.com/watches/gmt-master-ii/m126710blro-0002
Rolex,Gmt-Master II,ROLEX GMT MASTER II BATGIRL,BLACK DIAL,40MM,OYSTERSTEEL,126710BLNR,ROLEX GMT-MASTER II 40MM OYSTERSTEEL BLACK DIAL WITH BLACK AND BLUE CERAMIC BEZEL JUBILEE BRACELET,Jubilee,https://www.rolex.com/watches/gmt-master-ii/m126710blnr-0002
Rolex,Gmt-Master II,ROLEX GMT MASTER II BATMAN,BLACK DIAL,40MM,OYSTERSTEEL,126710BLNR,ROLEX GMT-MASTER II 40MM OYSTERSTEEL BLACK DIAL WITH BLACK AND BLUE CERAMIC BEZEL OYSTER BRACELET,OYSTER,https://www.rolex.com/watches/gmt-master-ii/m126710blnr-0003
Rolex,Gmt-Master II,ROLEX GMT MASTER II SPRITE JUBILEE,BLACK DIAL,40MM,OYSTERSTEEL,126720VTNR,ROLEX GMT-MASTER II 40MM OYSTERSTEEL BLACK DIAL WITH BLACK AND GREEN CERAMIC BEZEL JUBILEE BRACELET LEFT HAND,Jubilee,https://www.rolex.com/watches/gmt-master-ii/m126720vtnr-0002
Rolex,Gmt-Master II,ROLEX GMT MASTER II SPRITE OYSTER,BLACK DIAL,40MM,OYSTERSTEEL,126720VTNR,ROLEX GMT-MASTER II 40MM OYSTERSTEEL BLACK DIAL WITH BLACK AND GREEN CERAMIC BEZEL OYSTER BRACELET LEFT HAND,OYSTER,https://www.rolex.com/watches/gmt-master-ii/m126720vtnr-0001
Rolex,Gmt-Master II,ROLEX GMT MASTER II YG TWO TONE,BLACK DIAL,40MM,OYSTERSTEEL AND YELLOW GOLD,126713GRNR,ROLEX GMT-MASTER II 40MM OYSTERSTEEL AND YELLOW GOLD BLACK DIAL WITH YELLOW BLACK CERAMIC BEZEL JUBILEE BRACELET,Jubilee,https://www.rolex.com/watches/gmt-master-ii/m126713grnr-0001
Rolex,Gmt-Master II,ROLEX GMT MASTER II ROOTBEER,BLACK DIAL,40MM,OYSTERSTEEL AND ROSE GOLD,126711CHNR,ROLEX GMT-MASTER II 40MM OYSTERSTEEL AND ROSE GOLD BLACK DIAL WITH ROSE AND BLACK CERAMIC BEZEL OYSTER BRACELET,OYSTER,https://www.rolex.com/watches/gmt-master-ii/m126711chnr-0002
Rolex,Gmt-Master II,ROLEX GMT MASTER II FULL YG BLACK,BLACK DIAL,40MM,YELLOW GOLD,126718GRNR,ROLEX GMT-MASTER II 40MM FULL YELLOW GOLD BLACK DIAL WITH GREY BLACK CERAMIC BEZEL IN JUBILEE BRACELET,Jubilee,https://www.rolex.com/watches/gmt-master-ii/m126718grnr-0001
Rolex,Gmt-Master II,ROLEX GMT MASTER II FULL WG BLUE,BLUE DIAL,40MM,WHITE GOLD,126719LRO,ROLEX GMT-MASTER II 40MM FULL WHITE GOLD WITH BLUE DIAL AND BLUE RED CERAMIC BEZEL IN OYSTER BRACELET,OYSTER,https://www.rolex.com/watches/gmt-master-ii/m126719blro-0003
Rolex,Gmt-Master II,ROLEX GMT MASTER II FULL WG METEORITE,METEORITE DIAL,40MM,WHITE GOLD,126719LRO,ROLEX GMT-MASTER II 40MM FULL WHITE GOLD WITH METEORITE DIAL AND BLUE RED CERAMIC BEZEL IN OYSTER BRACELET,OYSTER,https://www.rolex.com/watches/gmt-master-ii/m126719blro-0002
Rolex,Gmt-Master II,ROLEX GMT MASTER II FULL RG ROOTBEER,BLACK DIAL,40MM,ROSE GOLD,126715CHNR,ROLEX GMT-MASTER II 40MM FULL ROSE GOLD BLACK DIAL WITH ROSE AND BLACK CERAMIC BEZELIN OYSTER BRACELET,OYSTER,https://www.rolex.com/watches/gmt-master-ii/m126715chnr-0001
Rolex,Daytona,ROLEX DAYTONA PANDA,WHITE DIAL,40MM,OYSTERSTEEL,126500LN,ROLEX COSMOGRAPH DAYTONA WHITE DIAL WITH CERAMIC BEZEL IN OYSTER BRACELET,OYSTER,https://www.rolex.com/watches/cosmograph-daytona/m126500ln-0001
